"id","dishname","reciepeitemname","pgNo","receipescoop","qty","inGm","inML","inPiece","comments","created_at"
1,"CHOLE BHATURE","tea powder","6B","staff rice_gm_reciepe",125,125,NULL,NULL,"Seed from catalog.js","2026-09-20 08:41:04.062881+00"
2,"ONION PARATHA","haldi powder","11","staff rice_gm_reciepe",200,200,NULL,NULL,"Seed from catalog.js","2026-09-20 08:41:04.062881+00"
3,"CHOLE  KULCHE","staff rice","4","staff rice_gm_reciepe",100,100,NULL,NULL,"Seed from catalog.js","2026-09-20 08:41:04.062881+00"
4,"PINDI  CHOLE","oil tin","7","staff rice_gm_reciepe",150,150,NULL,NULL,"Seed from catalog.js","2026-09-20 08:41:04.062881+00"
5,"EXTRA  KULCHA","chilly powder","10","staff rice_gm_reciepe",175,175,NULL,NULL,"Seed from catalog.js","2026-09-20 08:41:04.062881+00"
6,"Arrabiata Pasta","black pepper","39B","black pepper_gm_reciepe",10,NULL,NULL,NULL,"","2026-09-20 09:00:12.099246+00"
7,"Arrabiata Pasta","Broccoli","V15",NULL,10,NULL,NULL,NULL,"","2026-09-20 09:00:12.099246+00"
8,"Arrabiata Pasta","cheese processed","81","cheese processed_gm_reciepe",30,NULL,NULL,NULL,"","2026-09-20 09:00:12.099246+00"
9,"Arrabiata Pasta","corn","80","corn_gm_reciepe",10,NULL,NULL,NULL,"","2026-09-20 09:00:12.099246+00"
10,"Arrabiata Pasta","RICH COOKING CREAM","75","RICH COOKING CREAM_gm_reciepe",350,NULL,NULL,NULL,"","2026-09-20 09:00:12.099246+00"
11,"Arrabiata Pasta","Capsicum","V1",NULL,10,NULL,NULL,NULL,"","2026-09-20 09:00:12.099246+00"
12,"Arrabiata Pasta","chilli flake","61","chilli flake_gm_reciepe",7,NULL,NULL,NULL,"","2026-09-20 09:00:12.099246+00"
13,"Arrabiata Pasta","oregano","62","oregano_gm_reciepe",7,NULL,NULL,NULL,"","2026-09-20 09:00:12.099246+00"
14,"Arrabiata Pasta","Garlic","V10",NULL,3,NULL,NULL,NULL,"","2026-09-20 09:00:12.099246+00"
15,"Arrabiata Pasta","olive","35A","olive_gm_reciepe",5,NULL,NULL,NULL,"","2026-09-20 09:00:12.099246+00"
16,"Arrabiata Pasta","salt","27A","salt_gm_reciepe",10,NULL,NULL,NULL,"","2026-09-20 09:00:12.099246+00"
17,"Arrabiata Pasta","white pepper","39A","white pepper_gm_reciepe",10,NULL,NULL,NULL,"","2026-09-20 09:00:12.099246+00"
18,"Arrabiata Pasta","PASTA PROCESSED","P7",NULL,250,NULL,NULL,NULL,"","2026-09-20 09:00:12.099246+00"
19,"Arrabiata Pasta","totalingredientsqty",NULL,NULL,462,NULL,NULL,NULL,"","2026-09-20 09:00:12.099246+00"
20,"Arrabiata Pasta","totalprocessedqty",NULL,NULL,251,NULL,NULL,NULL,"","2026-09-20 09:00:12.099246+00"
21,"Arrabiata Pasta","dish_out",NULL,"Arrabiata Pasta _1_portion",NULL,0,0,0,"","2026-09-20 09:00:12.099246+00"
22,"Arrabiata Pasta","black pepper","39B","black pepper_gm_reciepe",10,NULL,NULL,NULL,"","2026-09-20 09:00:37.26656+00"
23,"Arrabiata Pasta","Broccoli","V15",NULL,10,NULL,NULL,NULL,"","2026-09-20 09:00:37.26656+00"
24,"Arrabiata Pasta","cheese processed","81","cheese processed_gm_reciepe",30,NULL,NULL,NULL,"","2026-09-20 09:00:37.26656+00"
25,"Arrabiata Pasta","corn","80","corn_gm_reciepe",10,NULL,NULL,NULL,"","2026-09-20 09:00:37.26656+00"
26,"Arrabiata Pasta","RICH COOKING CREAM","75","RICH COOKING CREAM_gm_reciepe",350,NULL,NULL,NULL,"","2026-09-20 09:00:37.26656+00"
27,"Arrabiata Pasta","Capsicum","V1",NULL,10,NULL,NULL,NULL,"","2026-09-20 09:00:37.26656+00"
28,"Arrabiata Pasta","chilli flake","61","chilli flake_gm_reciepe",7,NULL,NULL,NULL,"","2026-09-20 09:00:37.26656+00"
29,"Arrabiata Pasta","oregano","62","oregano_gm_reciepe",7,NULL,NULL,NULL,"","2026-09-20 09:00:37.26656+00"
30,"Arrabiata Pasta","Garlic","V10",NULL,3,NULL,NULL,NULL,"","2026-09-20 09:00:37.26656+00"
31,"Arrabiata Pasta","olive","35A","olive_gm_reciepe",5,NULL,NULL,NULL,"","2026-09-20 09:00:37.26656+00"
32,"Arrabiata Pasta","salt","27A","salt_gm_reciepe",10,NULL,NULL,NULL,"","2026-09-20 09:00:37.26656+00"
33,"Arrabiata Pasta","white pepper","39A","white pepper_gm_reciepe",10,NULL,NULL,NULL,"","2026-09-20 09:00:37.26656+00"
34,"Arrabiata Pasta","PASTA PROCESSED","P7",NULL,250,NULL,NULL,NULL,"","2026-09-20 09:00:37.26656+00"
35,"Arrabiata Pasta","totalingredientsqty",NULL,NULL,462,NULL,NULL,NULL,"","2026-09-20 09:00:37.26656+00"
36,"Arrabiata Pasta","totalprocessedqty",NULL,NULL,251,NULL,NULL,NULL,"","2026-09-20 09:00:37.26656+00"
37,"Arrabiata Pasta","dish_out",NULL,"Arrabiata Pasta _1_portion",NULL,0,0,0,"","2026-09-20 09:00:37.26656+00"
38,"CHEESE  BURGER","aloo tikki","77A","aloo tikki_gm_reciepe",70,NULL,NULL,NULL,"","2026-09-20 09:07:06.915125+00"
39,"CHEESE  BURGER","cheese processed","81","cheese processed_gm_reciepe",10,NULL,NULL,NULL,"","2026-09-20 09:07:06.915125+00"
40,"CHEESE  BURGER","cheese 1pc","82A","cheese 1pc_gm_reciepe",10,NULL,NULL,NULL,"","2026-09-20 09:07:06.915125+00"
41,"CHEESE  BURGER","Cucumber","V12",NULL,30,NULL,NULL,NULL,"","2026-09-20 09:07:06.915125+00"
42,"CHEESE  BURGER","metonese","50","metonese_gm_reciepe",30,NULL,NULL,NULL,"","2026-09-20 09:07:06.915125+00"
43,"CHEESE  BURGER","Cabbage","V7",NULL,5,NULL,NULL,NULL,"","2026-09-20 09:07:06.915125+00"
44,"CHEESE  BURGER","Onion","V11",NULL,10,NULL,NULL,NULL,"","2026-09-20 09:07:06.915125+00"
45,"CHEESE  BURGER","thousand sauce","54","thousand sauce_gm_reciepe",20,NULL,NULL,NULL,"","2026-09-20 09:07:06.915125+00"
46,"CHEESE  BURGER","Tomato","V18",NULL,10,NULL,NULL,NULL,"","2026-09-20 09:07:06.915125+00"
47,"CHEESE  BURGER","totalingredientsqty",NULL,NULL,195,NULL,NULL,NULL,"","2026-09-20 09:07:06.915125+00"
48,"CHEESE  BURGER","totalprocessedqty",NULL,NULL,2,NULL,NULL,NULL,"","2026-09-20 09:07:06.915125+00"
49,"CHEESE  BURGER","dish_out",NULL,"CHEESE  BURGER_1_portion",NULL,0,0,0,"","2026-09-20 09:07:06.915125+00"
50,"CHEESE  BURGER","aloo tikki","77A","aloo tikki_gm_reciepe",70,NULL,NULL,NULL,"","2026-09-20 09:07:13.588975+00"
51,"CHEESE  BURGER","cheese processed","81","cheese processed_gm_reciepe",10,NULL,NULL,NULL,"","2026-09-20 09:07:13.588975+00"
52,"CHEESE  BURGER","cheese 1pc","82A","cheese 1pc_gm_reciepe",10,NULL,NULL,NULL,"","2026-09-20 09:07:13.588975+00"
53,"CHEESE  BURGER","Cucumber","V12",NULL,30,NULL,NULL,NULL,"","2026-09-20 09:07:13.588975+00"
54,"CHEESE  BURGER","metonese","50","metonese_gm_reciepe",30,NULL,NULL,NULL,"","2026-09-20 09:07:13.588975+00"
55,"CHEESE  BURGER","Cabbage","V7",NULL,5,NULL,NULL,NULL,"","2026-09-20 09:07:13.588975+00"
56,"CHEESE  BURGER","Onion","V11",NULL,10,NULL,NULL,NULL,"","2026-09-20 09:07:13.588975+00"
57,"CHEESE  BURGER","thousand sauce","54","thousand sauce_gm_reciepe",20,NULL,NULL,NULL,"","2026-09-20 09:07:13.588975+00"
58,"CHEESE  BURGER","Tomato","V18",NULL,10,NULL,NULL,NULL,"","2026-09-20 09:07:13.588975+00"
59,"CHEESE  BURGER","totalingredientsqty",NULL,NULL,195,NULL,NULL,NULL,"","2026-09-20 09:07:13.588975+00"
60,"CHEESE  BURGER","totalprocessedqty",NULL,NULL,2,NULL,NULL,NULL,"","2026-09-20 09:07:13.588975+00"
61,"CHEESE  BURGER","dish_out",NULL,"CHEESE  BURGER_1_portion",NULL,0,0,0,"","2026-09-20 09:07:13.588975+00"
62,"VEG FRIED RICE","ajinomoto","40","ajinomoto_gm_reciepe",15,NULL,NULL,NULL,"","2026-09-20 09:12:43.086987+00"
63,"VEG FRIED RICE","black pepper","39B","black pepper_gm_reciepe",15,NULL,NULL,NULL,"","2026-09-20 09:12:43.086987+00"
64,"VEG FRIED RICE","Garlic","V10",NULL,20,NULL,NULL,NULL,"","2026-09-20 09:12:43.086987+00"
65,"VEG FRIED RICE","Green Chilli","V2",NULL,10,NULL,NULL,NULL,"","2026-09-20 09:12:43.086987+00"
66,"VEG FRIED RICE","Onion","V11",NULL,20,NULL,NULL,NULL,"","2026-09-20 09:12:43.086987+00"
67,"VEG FRIED RICE","salt","27A","salt_gm_reciepe",5,NULL,NULL,NULL,"","2026-09-20 09:12:43.086987+00"
68,"VEG FRIED RICE","soya sauce","43A","soya sauce_gm_reciepe",10,NULL,NULL,NULL,"","2026-09-20 09:12:43.086987+00"
69,"VEG FRIED RICE","white pepper","39A","white pepper_gm_reciepe",15,NULL,NULL,NULL,"","2026-09-20 09:12:43.086987+00"
70,"VEG FRIED RICE","PROCESSED RICE","P1",NULL,200,NULL,NULL,NULL,"","2026-09-20 09:12:43.086987+00"
71,"VEG FRIED RICE","totalingredientsqty",NULL,NULL,110,NULL,NULL,NULL,"","2026-09-20 09:12:43.086987+00"
72,"VEG FRIED RICE","totalprocessedqty",NULL,NULL,201,NULL,NULL,NULL,"","2026-09-20 09:12:43.086987+00"
73,"VEG FRIED RICE","dish_out",NULL,"VEG FRIED RICE                  _1_portion",NULL,0,0,0,"","2026-09-20 09:12:43.086987+00"
74,"VEG FRIED RICE","ajinomoto","40","ajinomoto_gm_reciepe",15,NULL,NULL,NULL,"","2026-09-20 09:12:47.65965+00"
75,"VEG FRIED RICE","black pepper","39B","black pepper_gm_reciepe",15,NULL,NULL,NULL,"","2026-09-20 09:12:47.65965+00"
76,"VEG FRIED RICE","Garlic","V10",NULL,20,NULL,NULL,NULL,"","2026-09-20 09:12:47.65965+00"
77,"VEG FRIED RICE","Green Chilli","V2",NULL,10,NULL,NULL,NULL,"","2026-09-20 09:12:47.65965+00"
78,"VEG FRIED RICE","Onion","V11",NULL,20,NULL,NULL,NULL,"","2026-09-20 09:12:47.65965+00"
79,"VEG FRIED RICE","salt","27A","salt_gm_reciepe",5,NULL,NULL,NULL,"","2026-09-20 09:12:47.65965+00"
80,"VEG FRIED RICE","soya sauce","43A","soya sauce_gm_reciepe",10,NULL,NULL,NULL,"","2026-09-20 09:12:47.65965+00"
81,"VEG FRIED RICE","white pepper","39A","white pepper_gm_reciepe",15,NULL,NULL,NULL,"","2026-09-20 09:12:47.65965+00"
82,"VEG FRIED RICE","PROCESSED RICE","P1",NULL,200,NULL,NULL,NULL,"","2026-09-20 09:12:47.65965+00"
83,"VEG FRIED RICE","totalingredientsqty",NULL,NULL,110,NULL,NULL,NULL,"","2026-09-20 09:12:47.65965+00"
84,"VEG FRIED RICE","totalprocessedqty",NULL,NULL,201,NULL,NULL,NULL,"","2026-09-20 09:12:47.65965+00"
85,"VEG FRIED RICE","dish_out",NULL,"VEG FRIED RICE                  _1_portion",NULL,0,0,0,"","2026-09-20 09:12:47.65965+00"
86,"HOT AND SOUR SOUP","Ginger","V3",NULL,10,NULL,NULL,NULL,"","2026-09-20 09:56:42.206931+00"
87,"HOT AND SOUR SOUP","ajinomoto","40","ajinomoto_gm_reciepe",15,NULL,NULL,NULL,"","2026-09-20 09:56:42.206931+00"
88,"HOT AND SOUR SOUP","dhaniya","9","dhaniya_gm_reciepe",10,NULL,NULL,NULL,"","2026-09-20 09:56:42.206931+00"
89,"HOT AND SOUR SOUP","Garlic","V10",NULL,20,NULL,NULL,NULL,"","2026-09-20 09:56:42.206931+00"
90,"HOT AND SOUR SOUP","Green Chilli","V2",NULL,10,NULL,NULL,NULL,"","2026-09-20 09:56:42.206931+00"
91,"HOT AND SOUR SOUP","Green Chilli","V2",NULL,10,NULL,NULL,NULL,"","2026-09-20 09:56:42.206931+00"
92,"HOT AND SOUR SOUP","green sauce","42","green sauce_gm_reciepe",10,NULL,NULL,NULL,"","2026-09-20 09:56:42.206931+00"
93,"HOT AND SOUR SOUP","Lemon","V13",NULL,18,NULL,NULL,NULL,"","2026-09-20 09:56:42.206931+00"
94,"HOT AND SOUR SOUP","salt","27A","salt_gm_reciepe",5,NULL,NULL,NULL,"","2026-09-20 09:56:42.206931+00"
95,"HOT AND SOUR SOUP","VINAGER","44","VINAGER_gm_reciepe",9,NULL,NULL,NULL,"","2026-09-20 09:56:42.206931+00"
96,"HOT AND SOUR SOUP","white pepper","39A","white pepper_gm_reciepe",15,NULL,NULL,NULL,"","2026-09-20 09:56:42.206931+00"
97,"HOT AND SOUR SOUP","totalingredientsqty",NULL,NULL,132,NULL,NULL,NULL,"","2026-09-20 09:56:42.206931+00"
98,"HOT AND SOUR SOUP","totalprocessedqty",NULL,NULL,2,NULL,NULL,NULL,"","2026-09-20 09:56:42.206931+00"
99,"HOT AND SOUR SOUP","dish_out",NULL,"HOT AND SOUR SOUP _1_portion",NULL,0,0,0,"","2026-09-20 09:56:42.206931+00"
100,"HOT AND SOUR SOUP","Ginger","V3",NULL,10,NULL,NULL,NULL,"","2026-09-20 09:56:45.134584+00"
101,"HOT AND SOUR SOUP","ajinomoto","40","ajinomoto_gm_reciepe",15,NULL,NULL,NULL,"","2026-09-20 09:56:45.134584+00"
102,"HOT AND SOUR SOUP","dhaniya","9","dhaniya_gm_reciepe",10,NULL,NULL,NULL,"","2026-09-20 09:56:45.134584+00"
103,"HOT AND SOUR SOUP","Garlic","V10",NULL,20,NULL,NULL,NULL,"","2026-09-20 09:56:45.134584+00"
104,"HOT AND SOUR SOUP","Green Chilli","V2",NULL,10,NULL,NULL,NULL,"","2026-09-20 09:56:45.134584+00"
105,"HOT AND SOUR SOUP","Green Chilli","V2",NULL,10,NULL,NULL,NULL,"","2026-09-20 09:56:45.134584+00"
106,"HOT AND SOUR SOUP","green sauce","42","green sauce_gm_reciepe",10,NULL,NULL,NULL,"","2026-09-20 09:56:45.134584+00"
107,"HOT AND SOUR SOUP","Lemon","V13",NULL,18,NULL,NULL,NULL,"","2026-09-20 09:56:45.134584+00"
108,"HOT AND SOUR SOUP","salt","27A","salt_gm_reciepe",5,NULL,NULL,NULL,"","2026-09-20 09:56:45.134584+00"
109,"HOT AND SOUR SOUP","VINAGER","44","VINAGER_gm_reciepe",9,NULL,NULL,NULL,"","2026-09-20 09:56:45.134584+00"
110,"HOT AND SOUR SOUP","white pepper","39A","white pepper_gm_reciepe",15,NULL,NULL,NULL,"","2026-09-20 09:56:45.134584+00"
111,"HOT AND SOUR SOUP","totalingredientsqty",NULL,NULL,132,NULL,NULL,NULL,"","2026-09-20 09:56:45.134584+00"
112,"HOT AND SOUR SOUP","totalprocessedqty",NULL,NULL,2,NULL,NULL,NULL,"","2026-09-20 09:56:45.134584+00"
113,"HOT AND SOUR SOUP","dish_out",NULL,"HOT AND SOUR SOUP _1_portion",NULL,0,0,0,"","2026-09-20 09:56:45.134584+00"
114,"JEERA RICE","PROCESSED RICE","P1",NULL,300,NULL,NULL,NULL,"","2026-09-20 09:58:09.414135+00"
115,"JEERA RICE","totalingredientsqty",NULL,NULL,2,NULL,NULL,NULL,"","2026-09-20 09:58:09.414135+00"
116,"JEERA RICE","totalprocessedqty",NULL,NULL,300,NULL,NULL,NULL,"","2026-09-20 09:58:09.414135+00"
117,"JEERA RICE","dish_out",NULL,"JEERA RICE_1_portion",NULL,0,0,0,"","2026-09-20 09:58:09.414135+00"
118,"JEERA RICE","PROCESSED RICE","P1",NULL,300,NULL,NULL,NULL,"","2026-09-20 09:58:12.979206+00"
119,"JEERA RICE","totalingredientsqty",NULL,NULL,2,NULL,NULL,NULL,"","2026-09-20 09:58:12.979206+00"
120,"JEERA RICE","totalprocessedqty",NULL,NULL,300,NULL,NULL,NULL,"","2026-09-20 09:58:12.979206+00"
121,"JEERA RICE","dish_out",NULL,"JEERA RICE_1_portion",NULL,0,0,0,"","2026-09-20 09:58:12.979206+00"
122,"MIX veg","amul butter","72","amul butter_gm_reciepe",40,NULL,NULL,NULL,"","2026-09-20 10:15:34.837838+00"
123,"MIX veg","AMUL CREAM","76","AMUL CREAM_gm_reciepe",50,NULL,NULL,NULL,"","2026-09-20 10:15:34.837838+00"
124,"MIX veg","Cabbage","V7",NULL,100,NULL,NULL,NULL,"","2026-09-20 10:15:34.837838+00"
125,"MIX veg","matar","79","matar_gm_reciepe",50,NULL,NULL,NULL,"","2026-09-20 10:15:34.837838+00"
126,"MIX veg","Onion","V11","Onion_gm_reciepe",50,NULL,NULL,NULL,"","2026-09-20 10:15:34.837838+00"
127,"MIX veg","Tomato","V18","Tomato_gm_reciepe",50,NULL,NULL,NULL,"","2026-09-20 10:15:34.837838+00"
128,"MIX veg","ONION GREAVY","P5",NULL,100,NULL,NULL,NULL,"","2026-09-20 10:15:34.837838+00"
129,"MIX veg","PROCESSED MIX VEG","P21",NULL,100,NULL,NULL,NULL,"","2026-09-20 10:15:34.837838+00"
130,"MIX veg","TOMATO GREAVY","P4","TOMATO GREAVY_1_portion",100,NULL,NULL,NULL,"","2026-09-20 10:15:34.837838+00"
131,"MIX veg","totalingredientsqty",NULL,NULL,341,NULL,NULL,NULL,"","2026-09-20 10:15:34.837838+00"
132,"MIX veg","totalprocessedqty",NULL,NULL,301,NULL,NULL,NULL,"","2026-09-20 10:15:34.837838+00"
133,"MIX veg","dish_out",NULL,"MIX veg_1_portion",NULL,0,0,0,"","2026-09-20 10:15:34.837838+00"
134,"MIX veg","amul butter","72","amul butter_gm_reciepe",40,NULL,NULL,NULL,"","2026-09-20 10:15:37.682805+00"
135,"MIX veg","AMUL CREAM","76","AMUL CREAM_gm_reciepe",50,NULL,NULL,NULL,"","2026-09-20 10:15:37.682805+00"
136,"MIX veg","Cabbage","V7",NULL,100,NULL,NULL,NULL,"","2026-09-20 10:15:37.682805+00"
137,"MIX veg","matar","79","matar_gm_reciepe",50,NULL,NULL,NULL,"","2026-09-20 10:15:37.682805+00"
138,"MIX veg","Onion","V11","Onion_gm_reciepe",50,NULL,NULL,NULL,"","2026-09-20 10:15:37.682805+00"
139,"MIX veg","Tomato","V18","Tomato_gm_reciepe",50,NULL,NULL,NULL,"","2026-09-20 10:15:37.682805+00"
140,"MIX veg","ONION GREAVY","P5",NULL,100,NULL,NULL,NULL,"","2026-09-20 10:15:37.682805+00"
141,"MIX veg","PROCESSED MIX VEG","P21",NULL,100,NULL,NULL,NULL,"","2026-09-20 10:15:37.682805+00"
142,"MIX veg","TOMATO GREAVY","P4","TOMATO GREAVY_1_portion",100,NULL,NULL,NULL,"","2026-09-20 10:15:37.682805+00"
143,"MIX veg","totalingredientsqty",NULL,NULL,341,NULL,NULL,NULL,"","2026-09-20 10:15:37.682805+00"
144,"MIX veg","totalprocessedqty",NULL,NULL,301,NULL,NULL,NULL,"","2026-09-20 10:15:37.682805+00"
145,"MIX veg","dish_out",NULL,"MIX veg_1_portion",NULL,0,0,0,"","2026-09-20 10:15:37.682805+00"
