"dish_name","dish_code"
"CHOLE  KULCHE","D001"
"CHOLE BHATURE","D002"
"PINDI  CHOLE","D003"
"EXTRA  KULCHA","D004"
"ONION PARATHA","D005"
"ALOO PARATHA","D006"
"MIX VEG PARATHA","D007"
"ALOO LEHSUNI PARATHA","D008"
"PANEER PARATHA","D009"
"CRISPY VEG","D010"
"MANCHURIAN","D011"
"HONEY CHILLY POTATO","D012"
"CHILLY PANEER","D013"
"PANEER 65","D014"
"CRISPY CORN","D015"
"GOBI MANCHURIAN","D016"
"HARA BHARA KABAB","D017"
"PANEER TIKKA","D018"
"PEPPER PANEER DRY","D019"
"CORN CHEESE BALLS","D020"
"TOMATO SOUP","D021"
"HOT AND SOUR SOUP","D022"
"MANCHOW SOUP","D023"
"SWEET CORN SOUP","D024"
"CHILLY GARLIC NOODLES","D025"
"VEG NOODLES","D026"
"HAKKA NOODLES","D027"
"paneer NOODLES","D028"
"SCHEZWAN NOODLES","D029"
"paneer SCHEZWAN NOODLES","D030"
"MANCHURIAN NOODLES","D031"
"COCKTAIL RICE","D032"
"CHINESE MANCHURIAN BOWL ( NOODLES / RICE)","D033"
"VEG FRIED RICE","D034"
"SCHEZWAN FRIED RICE","D035"
"PANEER FRIED RICE","D036"
"MANCHURIAN FRIED RICE","D037"
"TRIPLE SCHEZWAN RICE","D038"
"PANEER  BUTTER MASALA","D039"
"KADHAI PANEER","D040"
"PANEER LABABDAR","D041"
"PANEER TIKKA MASALA","D042"
"PANEER  KHURCHAN","D043"
"PANEER BHURJI","D044"
"PANEER PUNJABI","D045"
"LEHSUNI PANEERPALAK PANEER","D046"
"PANEER KOLHAPURI","D047"
"shahi PANEER","D048"
"MATAR PANEER","D049"
"PANEER TAWA MASALA","D050"
"PANEER ANGARA","D051"
"VEG KADHAI","D052"
"VEG ANGARA","D053"
"VEG KOFTA","D054"
"MUSHROOM DO PYAZA","D055"
"VEG KEEMA KASTURI","D056"
"ALOO GOBI MATAR","D057"
"SEV TAMATAR","D058"
"MIX veg","D059"
"VEG kolhapuri","D060"
"DAL  makhani","D061"
"DAL  fry","D062"
"DAL tadka","D063"
"PUNJabi DAL TADKA","D064"
"ROASTED PAPAD","D065"
"FRIED PAPAD","D066"
"MASALA PAPAD","D067"
"NARGIS KOFTA","D068"
"RAJA-RANI KOFTA","D069"
"METHI MALAI MATAR","D070"
"MALAI KOFTA","D071"
"KAJU CURRY","D072"
"TANDOORI ROTI","D073"
"BUTTER TANDOORI ROTI","D074"
"PYAZ KULCHA (ROTI)","D075"
"BUTTER NAAN","D076"
"GARLIC NAAN","D077"
"GARLIC BUTTER NAAN","D078"
"LACHHA PARATHA","D079"
"Breads","D080"
"GREEN SALAD","D081"
"KACHUMBER SALAD","D082"
"DAHI KACHUMBER","D083"
"CURD","D084"
"MIX RAITA","D085"
"BOONDI RAITA","D086"
"BUTTERMILK","D087"
"LEMON SODA","D088"
"SOFT DRINK","D089"
"AMUL BUTTER","D090"
"STEAM RICE","D091"
"JEERA RICE","D092"
"JEERA GARLIC RICE","D093"
"VEG PULAO","D094"
"VEG TAWA PULAO","D095"
"MASALA DAL KHICHDI","D096"
"VEG BIRYANI","D097"
"VEG DUM BIRYANI","D098"
"HYDERABADI BIRYANI","D099"
"KASHMIRI PULAO","D100"
"Classic Choco Brownie","D101"
"HOT BROWNIE + ICECREAM","D102"
"GULAB JAMUN","D103"
"ICE CREAM Scoop","D104"
"GULAB JAMUN + ICE CREAM","D105"
"SIZZLING BROWNIE","D106"
"DELUXE THALI / Fast Track DeluxE Mini Meal","D107"
"VEG THALI / Fast Track Mini Meal","D108"
"SKYWALK SPECIAL THALI","D109"
"Family Celebration Combo                ₹899","D110"
"FAMILY COMBO                         ₹799","D111"
"Peri Peri Fries","D112"
"Cheese Fries","D113"
"Salted Fries","D114"
"Classic Nachos","D115"
"Mexican Loaded Cheese Nachos","D116"
"Black Coffee","D117"
"Classic Hot Coffee","D118"
"Cappuccino","D119"
"Tea","D120"
"PEACH ICED TEA","D121"
"Coke Float","D122"
"Virgin Mojito","D123"
"Blue Ocean Mojito","D124"
"Coke/SPRITE/THUMBSUP","D125"
"Lemon Soda","D126"
"Classic cold Coffee","D127"
"Choco Cold Coffee","D128"
"Brownie Cold Coffee","D129"
"Hazelnut Cold Coffee","D130"
"Classic Chocolate Shake","D131"
"Chocolate Oreo Shake","D132"
"Kit Kat Shake","D133"
"Chocolate Brownie Shake","D134"
"black forest shake","D135"
"Strawberry Shake","D136"
"Blueberry Shake","D137"
"Mango Shake","D138"
"Veg Pizza","D139"
"Paneer Makhani Pizza","D140"
"Cheese Corn Pizza","D141"
"Margherita Pizza","D142"
"Peri Peri Pizza","D143"
"Loaded Pizza","D144"
"Paneer Schezwan Pizza","D145"
"ALOO TIKKI BURGER","D146"
"CHEESE  BURGER","D147"
"PERI PERI BURGER","D148"
"VEGGIE BURGER","D149"
"MAHARAJA BURGER","D150"
"Makhani Sandwich","D151"
"Vegetable Sandwich","D152"
"Cheese Corn Sandwich","D153"
"Mexican Sandwich","D154"
"Paneer Tikka Sandwich","D155"
"Paneer Schezwan Sandwich","D156"
"Bombay Sandwich","D157"
"Pizza Sandwich","D158"
"Alfredo Pasta","D159"
"Arrabiata Pasta","D160"
"Pink SauCE Pasta","D161"
"PLAIN MAGGI","D162"
"PERI PERI MAGGI","D163"
"CHEESE CORN MAGGI","D164"
"VEGETABLE MAGGI","D165"
"PUNJABI MAGGI","D166"
"Paneer Butter Masala Rice BOWL","D167"
"paneer punjabi Rice Bowl","D168"
"punjabi veg rice bowl","D169"
"Chola Masala Rice Bowl","D170"
"GRAVY 1","D171"
"GRAVY 2","D172"
"GRAVY 3","D173"
"OTHER","D174"
"PROCESSED RICE","P1"
"PROCESSED DAL","P2"
"PROCESSED NOODLES","P3"
"ONION GREAVY","P5"
"PROCESSED MASALA OF TIKKA","P10"
"PROCESSED GULAB JAMUN","P11"
"TOMATO GREAVY","P4"
"KAJU MAGAJ GREAVY","P6"
"AATA PROCESSED","P8"
"PASTA PROCESSED","P7"
"MAIDA PROCESSED","P9"
