"pgNo","item_names","ratepergram","rateperml","rateperpiece","based_on_billno","comments"
"V10","{Garlic}",NULL,NULL,NULL,NULL,"No purchase lines"
"99","{""ice cream vanilla""}",NULL,NULL,NULL,NULL,"No purchase lines"
"V12","{Cucumber}",NULL,NULL,NULL,NULL,"No purchase lines"
"61  62","{""chilly flakes+oregano""}",NULL,NULL,NULL,NULL,"No purchase lines"
"82B","{""CHOCO CHIPS""}",NULL,NULL,NULL,NULL,"No purchase lines"
"V2","{""Green Chilli""}",NULL,NULL,NULL,NULL,"No purchase lines"
"21A","{GHEE}",NULL,NULL,NULL,NULL,"No purchase lines"
"12","{""degi miorch""}",NULL,NULL,NULL,NULL,"No purchase lines"
"17A","{""chana dal""}",0.0800,NULL,NULL,NULL,"ratepergram from latest gm-dest purchase on 2026-10-01"
"61 62","{""chilly + oregano""}",NULL,NULL,NULL,NULL,"No purchase lines"
"61","{""chillly flakes""}",NULL,NULL,NULL,NULL,"No purchase lines"
"V15","{Broccoli}",NULL,NULL,NULL,NULL,"No purchase lines"
"10","{""chilly powder""}",NULL,NULL,NULL,NULL,"No purchase lines"
"21B","{""chat amsala""}",NULL,NULL,NULL,NULL,"No purchase lines"
"80","{corn}",NULL,NULL,NULL,NULL,"No purchase lines"
"61","{""chilli flake""}",NULL,NULL,NULL,NULL,"No purchase lines"
"82A","{""cheese 1pc""}",NULL,NULL,NULL,NULL,"No purchase lines"
"59A","{""IRISH SYRUP""}",NULL,NULL,NULL,NULL,"No purchase lines"
"99","{""ice cream""}",NULL,NULL,NULL,NULL,"No purchase lines"
"100","{""ICE CREAM CHOCOLATE""}",NULL,NULL,NULL,NULL,"No purchase lines"
"42","{""green sauce""}",NULL,NULL,NULL,NULL,"No purchase lines"
"112B","{AJWAIN}",NULL,NULL,NULL,NULL,"No purchase lines"
"62","{cregano}",NULL,NULL,NULL,NULL,"No purchase lines"
"55","{""CHOCOLATE SYRUP""}",NULL,NULL,NULL,NULL,"No purchase lines"
"36A","{""corn floor""}",NULL,NULL,NULL,NULL,"No purchase lines"
"72","{""amul butter""}",NULL,NULL,NULL,NULL,"No purchase lines"
"29A","{""bread crum""}",NULL,NULL,NULL,NULL,"No purchase lines"
"9","{""dhaniiya masala""}",NULL,NULL,NULL,NULL,"No purchase lines"
"59B","{""HAZELNUT SYRUP""}",NULL,NULL,NULL,NULL,"No purchase lines"
"61 62","{chilly+oregano}",NULL,NULL,NULL,NULL,"No purchase lines"
"16B","{chhola}",NULL,NULL,NULL,NULL,"No purchase lines"
"V4","{Carrot}",NULL,NULL,NULL,NULL,"No purchase lines"
"23B","{HING}",NULL,NULL,NULL,NULL,"No purchase lines"
"V1","{Capsicum}",NULL,NULL,NULL,NULL,"No purchase lines"
"78","{fries}",NULL,NULL,NULL,NULL,"No purchase lines"
"75","{""cream 30""}",NULL,NULL,NULL,NULL,"No purchase lines"
"75","{cream}",NULL,NULL,NULL,NULL,"No purchase lines"
"V7","{Cabbage}",NULL,NULL,NULL,NULL,"No purchase lines"
"12","{""degi mirch""}",NULL,NULL,NULL,NULL,"No purchase lines"
"58B","{""BLUBERRY CRUSH""}",NULL,NULL,NULL,NULL,"No purchase lines"
"1","{aaata}",NULL,NULL,NULL,NULL,"No purchase lines"
"14","{""garam masala""}",NULL,NULL,NULL,NULL,"No purchase lines"
"16 A","{""jeera masala""}",NULL,NULL,NULL,NULL,"No purchase lines"
"81","{""cheese processed""}",NULL,NULL,NULL,NULL,"No purchase lines"
"57B","{""blue coroco""}",NULL,NULL,NULL,NULL,"No purchase lines"
"79","{""green peas""}",NULL,NULL,NULL,NULL,"No purchase lines"
"21B","{""chat masala""}",NULL,NULL,NULL,NULL,"No purchase lines"
"V5","{Beans}",NULL,NULL,NULL,NULL,"No purchase lines"
"56","{""imli chutney""}",NULL,NULL,NULL,NULL,"No purchase lines"
"32A","{DALCHINI}",NULL,NULL,NULL,NULL,"No purchase lines"
"V9","{Coriander}",NULL,NULL,NULL,NULL,"No purchase lines"
"76","{""AMUL CREAM""}",NULL,NULL,NULL,NULL,"No purchase lines"
"15","{jeera}",NULL,NULL,NULL,NULL,"No purchase lines"
"73","{butter}",NULL,NULL,NULL,NULL,"No purchase lines"
"5","{dal}",NULL,NULL,NULL,NULL,"No purchase lines"
"56","{""imli chatni""}",NULL,NULL,NULL,NULL,"No purchase lines"
"43B","{""GREEN CHILLY SAUCE""}",NULL,NULL,NULL,NULL,"No purchase lines"
"29A","{""bread crums""}",NULL,NULL,NULL,NULL,"No purchase lines"
"40","{ajinomoto}",NULL,NULL,NULL,NULL,"No purchase lines"
"60B","{jelipino}",NULL,NULL,NULL,NULL,"No purchase lines"
"V6","{Cauliflower}",NULL,NULL,NULL,NULL,"No purchase lines"
"28A","{""GULAB JAMUN""}",NULL,NULL,NULL,NULL,"No purchase lines"
"53","{""CHEESE BLEND""}",NULL,NULL,NULL,NULL,"No purchase lines"
"77A","{""aloo tikki""}",NULL,NULL,NULL,NULL,"No purchase lines"
"39B","{""black pepper""}",NULL,NULL,NULL,NULL,"No purchase lines"
"12","{""degi ,mirch""}",NULL,NULL,NULL,NULL,"No purchase lines"
"98","{coke}",NULL,NULL,NULL,NULL,"No purchase lines"
"61 62","{""chilli oregano""}",NULL,NULL,NULL,NULL,"No purchase lines"
"36A","{""corn flor""}",NULL,NULL,NULL,NULL,"No purchase lines"
"9","{dhaniya}",NULL,NULL,NULL,NULL,"No purchase lines"
"V3","{Ginger}",NULL,NULL,NULL,NULL,"No purchase lines"
"60B","{jalapeno}",NULL,NULL,NULL,NULL,"No purchase lines"
"11","{""haldi powder""}",NULL,NULL,NULL,NULL,"No purchase lines"
"21B","{""chaat masala""}",NULL,NULL,NULL,NULL,"No purchase lines"
"15","{jeeera}",NULL,NULL,NULL,NULL,"No purchase lines"
"1","{aata}",NULL,NULL,NULL,NULL,"No purchase lines"
"V16","{Basil}",NULL,NULL,NULL,NULL,"No purchase lines"
"28B","{boondi}",NULL,NULL,NULL,NULL,"No purchase lines"
"17B","{""BLACK MUNG DAL""}",0.1350,NULL,NULL,NULL,"ratepergram from latest gm-dest purchase on 2026-10-01"
"70A","{""CHILLY FLAKES SACHET""}",NULL,NULL,NULL,NULL,"No purchase lines"
"50","{meyonese}",NULL,NULL,NULL,NULL,"No purchase lines"
"45","{""MILK POWDER""}",NULL,NULL,NULL,NULL,"No purchase lines"
"24","{mushroom}",NULL,NULL,NULL,NULL,"No purchase lines"
"2","{maida}",NULL,NULL,NULL,NULL,"No purchase lines"
"27A","{salt}",NULL,NULL,NULL,NULL,"No purchase lines"
"V17","{""Mint Leaves""}",NULL,NULL,NULL,NULL,"No purchase lines"
"50","{MYONESE}",NULL,NULL,NULL,NULL,"No purchase lines"
"62","{oregano}",NULL,NULL,NULL,NULL,"No purchase lines"
"other1","{other1}",NULL,NULL,NULL,NULL,"No purchase lines"
"48","{""pasta sauce""}",NULL,NULL,NULL,NULL,"No purchase lines"
"65","{NACHOS}",NULL,NULL,NULL,NULL,"No purchase lines"
"50","{meyonse}",NULL,NULL,NULL,NULL,"No purchase lines"
"60A","{""red peprica""}",NULL,NULL,NULL,NULL,"No purchase lines"
"48","{""pizza sauce""}",NULL,NULL,NULL,NULL,"No purchase lines"
"63","{pasta}",NULL,NULL,NULL,NULL,"No purchase lines"
"50","{""meyo nese""}",NULL,NULL,NULL,NULL,"No purchase lines"
"30A","{""KAJU TUKDA""}",NULL,NULL,NULL,NULL,"No purchase lines"
"20","{MAGAJ}",NULL,NULL,NULL,NULL,"No purchase lines"
"50","{meyonesse}",NULL,NULL,NULL,NULL,"No purchase lines"
"112A","{KALAUNJI}",NULL,NULL,NULL,NULL,"No purchase lines"
"30B","{""KAJUN KANKI""}",NULL,NULL,NULL,NULL,"No purchase lines"
"46A","{""MASALA TEA""}",NULL,NULL,NULL,NULL,"No purchase lines"
"60A","{""red peperica""}",NULL,NULL,NULL,NULL,"No purchase lines"
"other3","{other3}",NULL,NULL,NULL,NULL,"No purchase lines"
"67","{maggi}",NULL,NULL,NULL,NULL,"No purchase lines"
"51A","{""makhani sauce""}",NULL,NULL,NULL,NULL,"No purchase lines"
"74","{mozrella}",NULL,NULL,NULL,NULL,"No purchase lines"
"other2","{other2}",NULL,NULL,NULL,NULL,"No purchase lines"
"3","{rice}",NULL,NULL,NULL,NULL,"No purchase lines"
"81","{""process cheesse""}",NULL,NULL,NULL,NULL,"No purchase lines"
"8","{""kasturi methi""}",0.5500,NULL,NULL,NULL,"ratepergram from latest gm-dest purchase on 2026-10-01"
"22B","{KISMIS}",0.5200,NULL,NULL,NULL,"ratepergram from latest gm-dest purchase on 2026-10-01"
"23A","{""sarso tel""}",NULL,NULL,NULL,NULL,"No purchase lines"
"110","{""lal mirch""}",NULL,NULL,NULL,NULL,"No purchase lines"
"49","{""periperi sauce""}",NULL,NULL,NULL,NULL,"No purchase lines"
"75","{""RICH COOKING CREAM""}",NULL,NULL,NULL,NULL,"No purchase lines"
"57A","{""lemon mojito""}",NULL,NULL,NULL,NULL,"No purchase lines"
"50","{myonese}",NULL,NULL,NULL,NULL,"No purchase lines"
"81","{""proccess chese""}",NULL,NULL,NULL,NULL,"No purchase lines"
"41","{schezwan}",NULL,NULL,NULL,NULL,"No purchase lines"
"49","{""peri peri sauce""}",NULL,NULL,NULL,NULL,"No purchase lines"
"66","{""maggi masala""}",NULL,NULL,NULL,NULL,"No purchase lines"
"V11","{Onion}",NULL,NULL,NULL,NULL,"No purchase lines"
"29B","{""KIT KAT CHOCOLATE""}",NULL,NULL,NULL,NULL,"No purchase lines"
"41","{""schezwan sauce""}",NULL,NULL,NULL,NULL,"No purchase lines"
"18B","{RAJMA}",0.1400,NULL,NULL,NULL,"ratepergram from latest gm-dest purchase on 2026-10-01"
"46B","{""LEMON ICE TEA""}",NULL,NULL,NULL,NULL,"No purchase lines"
"V14","{""Red Bell Pepper""}",NULL,NULL,NULL,NULL,"No purchase lines"
"48","{""pasta pizza sauce""}",NULL,NULL,NULL,NULL,"No purchase lines"
"79","{matar}",NULL,NULL,NULL,NULL,"No purchase lines"
"7","{""oil tin""}",NULL,0.1907,NULL,NULL,"rateperml from latest ml purchase on 2026-10-01"
"38","{noodles}",NULL,NULL,NULL,NULL,"No purchase lines"
"48","{""pizza pasta sauce""}",NULL,NULL,NULL,NULL,"No purchase lines"
"13","{masala}",NULL,NULL,NULL,NULL,"No purchase lines"
"64","{""peri peri masala""}",NULL,NULL,NULL,NULL,"No purchase lines"
"64","{""periperi msala""}",NULL,NULL,NULL,NULL,"No purchase lines"
"25A","{""ROSE WATER""}",NULL,NULL,NULL,NULL,"No purchase lines"
"22A","{kaju}",0.7800,NULL,NULL,NULL,"ratepergram from latest gm-dest purchase on 2026-10-01"
"27B","{""KALA NAMAK""}",NULL,NULL,NULL,NULL,"No purchase lines"
"64","{""perperi masala""}",NULL,NULL,NULL,NULL,"No purchase lines"
"70B","{""OREGANO SACHET""}",NULL,NULL,NULL,NULL,"No purchase lines"
"61 62","{""origano+chilly flakes""}",NULL,NULL,NULL,NULL,"No purchase lines"
"V22","{potato}",NULL,NULL,NULL,NULL,"No purchase lines"
"101","{""MANGO ICE CREAM""}",NULL,NULL,NULL,NULL,"No purchase lines"
"31B","{LOUNG}",NULL,NULL,NULL,NULL,"No purchase lines"
"81","{""process cheese""}",NULL,NULL,NULL,NULL,"No purchase lines"
"74","{mozerella}",NULL,NULL,NULL,NULL,"No purchase lines"
"V13","{Lemon}",NULL,NULL,NULL,NULL,"No purchase lines"
"25B","{""KEVDA JAL""}",NULL,NULL,NULL,NULL,"No purchase lines"
"50","{metonese}",NULL,NULL,NULL,NULL,"No purchase lines"
"68","{""MANGO PULP""}",NULL,NULL,NULL,NULL,"No purchase lines"
"19A","{""MASUR DAL""}",0.0900,NULL,NULL,NULL,"ratepergram from latest gm-dest purchase on 2026-10-01"
"81","{""processed cheese""}",NULL,NULL,NULL,NULL,"No purchase lines"
"13","{""kitchen king""}",NULL,NULL,NULL,NULL,"No purchase lines"
"50","{meyo}",NULL,NULL,NULL,NULL,"No purchase lines"
"77B","{""masla fries""}",NULL,NULL,NULL,NULL,"No purchase lines"
"71A","{""MEYONESE SACHET""}",NULL,NULL,NULL,NULL,"No purchase lines"
"34A","{PAPAD}",NULL,NULL,NULL,NULL,"No purchase lines"
"35A","{olive}",NULL,NULL,NULL,NULL,"No purchase lines"
"V19","{""Kadi Patta""}",NULL,NULL,NULL,NULL,"No purchase lines"
"111A","{sev}",NULL,NULL,NULL,NULL,"No purchase lines"
"54","{""thousand sauce""}",NULL,NULL,NULL,NULL,"No purchase lines"
"42B","{""thai chilly sauce""}",NULL,NULL,NULL,NULL,"No purchase lines"
"97","{soda}",NULL,NULL,NULL,NULL,"No purchase lines"
"37","{""tomato ketchup""}",NULL,NULL,NULL,NULL,"No purchase lines"
"44","{vinegar}",NULL,NULL,NULL,NULL,"No purchase lines"
"18A","{""UDAD SAL""}",0.1250,NULL,NULL,NULL,"ratepergram from latest gm-dest purchase on 2026-10-01"
"V18","{Tomato}",NULL,NULL,NULL,NULL,"No purchase lines"
"V20","{SPINACH}",NULL,NULL,NULL,NULL,"No purchase lines"
"19B","{""SOYABEAN WADI""}",0.1000,NULL,NULL,NULL,"ratepergram from latest gm-dest purchase on 2026-10-01"
"4","{""staff rice""}",0.0600,NULL,NULL,NULL,"ratepergram from latest gm-dest purchase on 2026-10-01"
"5","{""tur dal""}",NULL,NULL,NULL,NULL,"No purchase lines"
"31A","{STARFOOL}",NULL,NULL,NULL,NULL,"No purchase lines"
"37","{""tomato suce""}",NULL,NULL,NULL,NULL,"No purchase lines"
"51B","{""TOM MAKHAN SAUCE""}",NULL,NULL,NULL,NULL,"No purchase lines"
"71B","{""TOMATO KETCHUP""}",NULL,NULL,NULL,NULL,"No purchase lines"
"39A","{""white pepper""}",NULL,NULL,NULL,NULL,"No purchase lines"
"6B","{""tea powder""}",0.6000,NULL,NULL,NULL,"ratepergram from latest gm-dest purchase on 2026-10-01"
"37","{tomato}",NULL,NULL,NULL,NULL,"No purchase lines"
"58A","{""STRAWBERRY CRUSH""}",NULL,NULL,NULL,NULL,"No purchase lines"
"98","{""soft drink""}",NULL,NULL,NULL,NULL,"No purchase lines"
"69A","{""SUGAR SACHET""}",NULL,NULL,NULL,NULL,"No purchase lines"
"V21","{""yellow bell pepper""}",NULL,NULL,NULL,NULL,"No purchase lines"
"37","{""tomato kechup""}",NULL,NULL,NULL,NULL,"No purchase lines"
"37","{""tomato sauce""}",NULL,NULL,NULL,NULL,"No purchase lines"
"52","{""tika sauce""}",NULL,NULL,NULL,NULL,"No purchase lines"
"42B","{""thai chilly""}",NULL,NULL,NULL,NULL,"No purchase lines"
"44","{VINAGER}",NULL,NULL,NULL,NULL,"No purchase lines"
"V8","{""Spring Onion""}",NULL,NULL,NULL,NULL,"No purchase lines"
"43A","{""soya sauce""}",NULL,NULL,NULL,NULL,"No purchase lines"
"6","{sugar}",NULL,NULL,NULL,NULL,"No purchase lines"
"35","{""Oreo biscuit""}",NULL,NULL,NULL,NULL,"No purchase lines"
"D2","{CURD}",NULL,NULL,NULL,NULL,"No purchase lines"
"103","{SAUNF}",NULL,NULL,NULL,NULL,"No purchase lines"
"B5","{""MACE (JAVITRI)""}",NULL,NULL,NULL,NULL,"No purchase lines"
"CN4","{""CONTI MASALA""}",NULL,NULL,NULL,NULL,"No purchase lines"
"D3","{PANEER}",NULL,NULL,NULL,NULL,"No purchase lines"
"B1","{""WHITE BREAD""}",NULL,NULL,NULL,NULL,"No purchase lines"
"CH3","{""CHINESE VEGETABLES""}",NULL,NULL,NULL,NULL,"No purchase lines"
"D1","{MILK}",NULL,NULL,NULL,NULL,"No purchase lines"
"33B","{""HARI ELAICHI""}",NULL,NULL,NULL,NULL,"No purchase lines"
"B4","{BROWNIE}",NULL,NULL,NULL,NULL,"No purchase lines"
"B3","{""PIZZA BASE""}",NULL,NULL,NULL,NULL,"No purchase lines"
"OT1","{""ALL SPICES""}",NULL,NULL,NULL,NULL,"No purchase lines"
"BL1","{""Bay leaves""}",NULL,NULL,NULL,NULL,"No purchase lines"
"B2","{""BURGER BUN""}",NULL,NULL,NULL,NULL,"No purchase lines"
"33A","{""BADI ELAICHI""}",NULL,NULL,NULL,NULL,"No purchase lines"
"SS6","{""SAMPLE SUGAR""}",NULL,NULL,NULL,NULL,"No purchase lines"
"SSF","{""SAMPLE FLOUR""}",NULL,NULL,NULL,NULL,"No purchase lines"
"SSB","{""SAMPLE BUTTER""}",NULL,NULL,NULL,NULL,"No purchase lines"
"SSM","{""SAMPLE MAIDA""}",NULL,NULL,NULL,NULL,"No purchase lines"
"111A","{sev}",0.1350,NULL,NULL,"recipe","ratepergram from bill recipe on 2026-10-01"
"17A","{""chana dal""}",0.0800,NULL,NULL,"recipe","ratepergram from bill recipe on 2026-10-01"
"17B","{""BLACK MUNG DAL""}",0.1350,NULL,NULL,"recipe","ratepergram from bill recipe on 2026-10-01"
"18A","{""UDAD SAL""}",0.1250,NULL,NULL,"recipe","ratepergram from bill recipe on 2026-10-01"
"18B","{RAJMA}",0.1400,NULL,NULL,"recipe","ratepergram from bill recipe on 2026-10-01"
"19A","{""MASUR DAL""}",0.0900,NULL,NULL,"recipe","ratepergram from bill recipe on 2026-10-01"
"19B","{""SOYABEAN WADI""}",0.1000,NULL,NULL,"recipe","ratepergram from bill recipe on 2026-10-01"
"22A","{kaju}",0.7800,NULL,NULL,"recipe","ratepergram from bill recipe on 2026-10-01"
"22B","{KISMIS}",0.5200,NULL,NULL,"recipe","ratepergram from bill recipe on 2026-10-01"
"23A","{""sarso tel""}",NULL,0.1800,NULL,"recipe","rateperml from bill recipe on 2026-10-01"
"24","{mushroom}",0.3250,NULL,NULL,"recipe","ratepergram from bill recipe on 2026-10-01"
"25A","{""ROSE WATER""}",0.0600,NULL,NULL,"recipe","ratepergram from bill recipe on 2026-10-01"
"25B","{""KEVDA JAL""}",NULL,0.0600,NULL,"recipe","rateperml from bill recipe on 2026-10-01"
"27B","{""KALA NAMAK""}",0.0600,NULL,NULL,"recipe","ratepergram from bill recipe on 2026-10-01"
"28A","{""GULAB JAMUN""}",0.4100,NULL,NULL,"recipe","ratepergram from bill recipe on 2026-10-01"
"30A","{""KAJU TUKDA""}",0.6200,NULL,NULL,"recipe","ratepergram from bill recipe on 2026-10-01"
"32A","{DALCHINI}",0.4200,NULL,NULL,"recipe","ratepergram from bill recipe on 2026-10-01"
"33B","{""HARI ELAICHI""}",4.5000,NULL,NULL,"recipe","ratepergram from bill recipe on 2026-10-01"
"36A","{""corn flor""}",0.0720,NULL,NULL,"recipe","ratepergram from bill recipe on 2026-10-01"
"39A","{""white pepper""}",0.1500,NULL,NULL,"recipe","ratepergram from bill recipe on 2026-10-01"
"39B","{""black pepper""}",0.1500,NULL,NULL,"recipe","ratepergram from bill recipe on 2026-10-01"
"4","{""staff rice""}",0.0600,NULL,NULL,"recipe","ratepergram from bill recipe on 2026-10-01"
"43A","{""soya sauce""}",0.0900,NULL,NULL,"recipe","ratepergram from bill recipe on 2026-10-01"
"43B","{""GREEN CHILLY SAUCE""}",0.0900,0.0600,NULL,"recipe","ratepergram from bill recipe on 2026-10-01; rateperml from bill recipe on 2026-10-01"
"49","{""peri peri sauce""}",0.2600,NULL,NULL,"recipe","ratepergram from bill recipe on 2026-10-01"
"51B","{""TOM MAKHAN SAUCE""}",0.2100,NULL,NULL,"recipe","ratepergram from bill recipe on 2026-10-01"
"65","{NACHOS}",0.3750,NULL,NULL,"recipe","ratepergram from bill recipe on 2026-10-01"
"67","{maggi}",0.1964,NULL,NULL,"recipe","ratepergram from bill recipe on 2026-10-01"
"6B","{""tea powder""}",0.6000,NULL,NULL,"recipe","ratepergram from bill recipe on 2026-10-01"
"7","{""oil tin""}",NULL,0.1907,NULL,"recipe","rateperml from bill recipe on 2026-10-01"
"8","{""kasturi methi""}",0.1100,NULL,NULL,"recipe","ratepergram from bill recipe on 2026-10-01"
"82B","{""CHOCO CHIPS""}",1.2900,NULL,NULL,"recipe","ratepergram from bill recipe on 2026-10-01"
"B5","{""MACE (JAVITRI)""}",2.7000,NULL,NULL,"recipe","ratepergram from bill recipe on 2026-10-01"
"BL1","{""Bay leaves""}",0.2000,NULL,NULL,"recipe","ratepergram from bill recipe on 2026-10-01"
"D3","{PANEER}",0.3200,NULL,NULL,"recipe","ratepergram from bill recipe on 2026-10-01"
