"id","order_id","itemname","pgno","scoopin","qty","rate","itemtotal","comments","created_at","last_updated_at"
6,6,"BURGER BUN","B2","BURGER BUN_piece_in",1,11.0000,11.0000,"","2026-09-28 14:35:42.807016+00","2026-09-28 14:35:42.807016+00"
7,6,"BROWNIE","B4","BROWNIE_piece_in",1,63.0000,63.0000,"100/pc","2026-09-28 14:35:42.807016+00","2026-09-28 14:35:42.807016+00"
8,7,"dal","5","dal_kg_in",1,156.0000,156.0000,"","2026-09-28 14:53:25.390799+00","2026-09-28 14:53:25.390799+00"
9,7,"rice","3","rice_kg_in",1,156.0000,156.0000,"","2026-09-28 14:53:25.390799+00","2026-09-28 14:53:25.390799+00"
10,7,"chhola","16B","chhola_kg_in",5,140.0000,700.0000,"","2026-09-28 14:53:25.390799+00","2026-09-28 14:53:25.390799+00"
11,7,"sugar","6","sugar_kg_in",1,55.0000,55.0000,"","2026-09-28 14:53:25.390799+00","2026-09-28 14:53:25.390799+00"
12,7,"oil tin","7","oil tin_piece_in",5,2860.0000,14300.0000,"","2026-09-28 14:53:25.390799+00","2026-09-28 14:53:25.390799+00"
13,7,"MAGAJ","20","MAGAJ_kg_in",4,680.0000,2720.0000,"","2026-09-28 14:53:25.390799+00","2026-09-28 14:53:25.390799+00"
14,7,"salt","27A","salt_kg_in",25,30.0000,750.0000,"","2026-09-28 14:53:25.390799+00","2026-09-28 14:53:25.390799+00"
15,7,"degi ,mirch","12","degi ,mirch_piece_in",20,114.0000,2280.0000,"","2026-09-28 14:53:25.390799+00","2026-09-28 14:53:25.390799+00"
16,7,"GHEE","21A","GHEE_kg_in",1,700.0000,700.0000,"","2026-09-28 14:53:25.390799+00","2026-09-28 14:53:25.390799+00"
17,7,"chilly powder","10","chilly powder_kg_in",2,350.0000,700.0000,"","2026-09-28 14:53:25.390799+00","2026-09-28 14:53:25.390799+00"
18,7,"kitchen king","13","kitchen king_pkt_in",10,92.0000,920.0000,"","2026-09-28 14:53:25.390799+00","2026-09-28 14:53:25.390799+00"
19,7,"jeera","15","jeera_kg_in",1,320.0000,320.0000,"","2026-09-28 14:53:25.390799+00","2026-09-28 14:53:25.390799+00"
20,7,"maida","2","maida_kg_in",1,38.0000,38.0000,"","2026-09-28 14:53:25.390799+00","2026-09-28 14:53:25.390799+00"
21,7,"SAUNF","103","SAUNF_kg_in",2,560.0000,1120.0000,"","2026-09-28 14:53:25.390799+00","2026-09-28 14:53:25.390799+00"
22,7,"thai chilly sauce","42B","thai chilly sauce_piece_in",6,250.0000,1500.0000,"","2026-09-28 14:53:25.390799+00","2026-09-28 14:53:25.390799+00"
23,7,"olive","35A","olive_piece_in",1,790.0000,790.0000,"","2026-09-28 14:53:25.390799+00","2026-09-28 14:53:25.390799+00"
24,7,"meyo nese","50","meyo nese_pkt_in",1,2280.0000,2280.0000,"","2026-09-28 14:53:25.390799+00","2026-09-28 14:53:25.390799+00"
25,7,"imli chatni","56","imli chatni_piece_in",2,190.0000,380.0000,"","2026-09-28 14:53:25.390799+00","2026-09-28 14:53:25.390799+00"
26,7,"thousand sauce","54","thousand sauce_piece_in",2,195.0000,390.0000,"","2026-09-28 14:53:25.390799+00","2026-09-28 14:53:25.390799+00"
27,7,"schezwan sauce","41","schezwan sauce_piece_in",2,660.0000,1320.0000,"","2026-09-28 14:53:25.390799+00","2026-09-28 14:53:25.390799+00"
28,7,"makhani sauce","51A","makhani sauce_piece_in",4,230.0000,920.0000,"","2026-09-28 14:53:25.390799+00","2026-09-28 14:53:25.390799+00"
29,7,"periperi msala","64","periperi msala_piece_in",1,270.0000,270.0000,"","2026-09-28 14:53:25.390799+00","2026-09-28 14:53:25.390799+00"
30,7,"peri peri masala","64","peri peri masala_piece_in",6,140.0000,840.0000,"","2026-09-28 14:53:25.390799+00","2026-09-28 14:53:25.390799+00"
31,7,"blue coroco","57B","blue coroco_piece_in",3,370.0000,1110.0000,"","2026-09-28 14:53:25.390799+00","2026-09-28 14:53:25.390799+00"
32,7,"boondi","28B","boondi_piece_in",2,190.0000,380.0000,"","2026-09-28 14:53:25.390799+00","2026-09-28 14:53:25.390799+00"
33,7,"PAPAD","34A","PAPAD_piece_in",20,92.0000,1840.0000,"","2026-09-28 14:53:25.390799+00","2026-09-28 14:53:25.390799+00"
34,7,"noodles","38","noodles_pkt_in",1,1540.0000,1540.0000,"","2026-09-28 14:53:25.390799+00","2026-09-28 14:53:25.390799+00"
35,7,"TOMATO KETCHUP","71B","TOMATO KETCHUP_pkt_in",1,1080.0000,1080.0000,"","2026-09-28 14:53:25.390799+00","2026-09-28 14:53:25.390799+00"
36,7,"KALAUNJI","112A","KALAUNJI_gm_in",250,0.3200,80.0000,"","2026-09-28 14:53:25.390799+00","2026-09-28 14:53:25.390799+00"
37,7,"bread crum","29A","bread crum_piece_in",3,140.0000,420.0000,"","2026-09-28 14:53:25.390799+00","2026-09-28 14:53:25.390799+00"
38,7,"GREEN CHILLY SAUCE","43B","GREEN CHILLY SAUCE_pkt_in",1,1080.0000,1080.0000,"","2026-09-28 14:53:25.390799+00","2026-09-28 14:53:25.390799+00"
39,8,"MEYONESE SACHET","71A","MEYONESE SACHET_pkt_in",4,255.0000,1020.0000,"","2026-09-28 15:00:26.939928+00","2026-09-28 15:00:26.939928+00"
40,8,"CHILLY FLAKES SACHET","70A","CHILLY FLAKES SACHET_pkt_in",5,120.0000,600.0000,"","2026-09-28 15:00:26.939928+00","2026-09-28 15:00:26.939928+00"
41,8,"OREGANO SACHET","70B","OREGANO SACHET_pkt_in",5,120.0000,600.0000,"","2026-09-28 15:00:26.939928+00","2026-09-28 15:00:26.939928+00"
42,8,"maggi masala","66","maggi masala_pkt_in",2,290.0000,580.0000,"","2026-09-28 15:00:26.939928+00","2026-09-28 15:00:26.939928+00"
43,8,"MANGO PULP","68","MANGO PULP_piece_in",5,240.0000,1200.0000,"","2026-09-28 15:00:26.939928+00","2026-09-28 15:00:26.939928+00"
44,8,"RICH COOKING CREAM","75","RICH COOKING CREAM_pkt_in",8,240.0000,1920.0000,"","2026-09-28 15:00:26.939928+00","2026-09-28 15:00:26.939928+00"
45,9,"pasta pizza sauce","48","pasta pizza sauce_kg_in",8,136.8800,1095.0000,"","2026-09-28 15:08:26.578642+00","2026-09-28 15:08:26.578642+00"
46,9,"fries","78","fries_kg_in",10,424.2000,4242.0000,"","2026-09-28 15:08:26.578642+00","2026-09-28 15:08:26.578642+00"
47,10,"corn","80","corn_kg_in",15,66.0000,990.0000,"","2026-09-28 15:13:32.493803+00","2026-09-28 15:13:32.493803+00"
48,10,"green peas","79","green peas_kg_in",10,39.0000,390.0000,"","2026-09-28 15:13:32.493803+00","2026-09-28 15:13:32.493803+00"
49,11,"ice cream vanilla","99","ice cream vanilla_kg_in",6,405.0000,2430.0000,"","2026-09-28 15:21:10.761776+00","2026-09-28 15:21:10.761776+00"
50,11,"ICE CREAM CHOCOLATE","100","ICE CREAM CHOCOLATE_kg_in",5,550.0000,2750.0000,"","2026-09-28 15:21:10.761776+00","2026-09-28 15:21:10.761776+00"
51,11,"MANGO ICE CREAM","101","MANGO ICE CREAM_kg_in",1,600.0000,600.0000,"","2026-09-28 15:21:10.761776+00","2026-09-28 15:21:10.761776+00"
52,12,"PIZZA BASE","B3","",5,32.0000,160.0000,"","2026-09-28 15:26:29.275091+00","2026-09-28 15:26:29.275091+00"
53,12,"WHITE BREAD","B1","WHITE BREAD_pkt_in",2,110.0000,220.0000,"","2026-09-28 15:26:29.275091+00","2026-09-28 15:26:29.275091+00"
54,13,"aaata","1","aaata_kg_in",25,36.8000,920.0000,"","2026-09-28 15:50:47.024857+00","2026-09-28 15:50:47.024857+00"
55,14,"RICH COOKING CREAM","75","RICH COOKING CREAM_kg_in",1,219.0000,219.0000,"","2026-09-28 15:57:35.525234+00","2026-09-28 15:57:35.525234+00"
56,15,"AMUL CREAM","76","AMUL CREAM_pkt_in",1,2880.0000,2880.0000,"","2026-09-28 15:58:57.789731+00","2026-09-28 15:58:57.789731+00"
57,16,"butter","73","butter_piece_in",1,89.0000,89.0000,"","2026-09-28 16:02:49.037731+00","2026-09-28 16:02:49.037731+00"
58,17,"Cauliflower","V6","Cauliflower_kg_in",9,35.0000,315.0000,"","2026-09-29 11:17:56.147581+00","2026-09-29 11:17:56.147581+00"
59,17,"Cabbage","V7","Cabbage_kg_in",5,30.0000,150.0000,"","2026-09-29 11:17:56.147581+00","2026-09-29 11:17:56.147581+00"
60,17,"Beans","V5","Beans_gm_in",3,80.0000,240.0000,"","2026-09-29 11:17:56.147581+00","2026-09-29 11:17:56.147581+00"
61,17,"Cucumber","V12","Cucumber_gm_in",3,40.0000,120.0000,"","2026-09-29 11:17:56.147581+00","2026-09-29 11:17:56.147581+00"
62,17,"lal mirch","110","lal mirch_kg_in",1,60.0000,60.0000,"","2026-09-29 11:17:56.147581+00","2026-09-29 11:17:56.147581+00"
63,17,"Capsicum","V1","Capsicum_gm_in",1,0.0800,0.0800,"","2026-09-29 11:17:56.147581+00","2026-09-29 11:17:56.147581+00"
64,17,"Carrot","V4","Carrot_gm_in",1,0.0400,0.0400,"","2026-09-29 11:17:56.147581+00","2026-09-29 11:17:56.147581+00"
65,17,"Lemon","V13","Lemon_gm_in",1,0.2200,0.2200,"","2026-09-29 11:17:56.147581+00","2026-09-29 11:17:56.147581+00"
66,17,"Garlic","V10","Garlic_gm_in",1,0.1800,0.1800,"","2026-09-29 11:17:56.147581+00","2026-09-29 11:17:56.147581+00"
67,17,"Coriander","V9","Coriander_kg_in",3,80.0000,240.0000,"","2026-09-29 11:17:56.147581+00","2026-09-29 11:17:56.147581+00"
68,17,"Spring Onion","V8","Spring Onion_kg_in",1,80.0000,80.0000,"","2026-09-29 11:17:56.147581+00","2026-09-29 11:17:56.147581+00"
70,17,"Ginger","V3","Ginger_kg_in",1,100.0000,100.0000,"","2026-09-29 11:17:56.147581+00","2026-09-29 11:17:56.147581+00"
71,18,"Tomato","V18","Tomato_gm_in",1,0.0300,0.0300,"","2026-09-29 13:07:12.139061+00","2026-09-29 13:07:12.139061+00"
72,18,"Basil","V16","Basil_gm_in",1,20.0000,20.0000,"","2026-09-29 13:07:12.139061+00","2026-09-29 13:07:12.139061+00"
73,18,"Onion","V11","Onion_gm_in",1,0.0570,0.0600,"","2026-09-29 13:07:12.139061+00","2026-09-29 13:07:12.139061+00"
74,18,"Mint Leaves","V17","Mint Leaves_gm_in",1,15.0000,15.0000,"","2026-09-29 13:07:12.139061+00","2026-09-29 13:07:12.139061+00"
75,18,"Red Bell Pepper","V14","Red Bell Pepper_kg_in",1,300.0000,300.0000,"","2026-09-29 13:07:12.139061+00","2026-09-29 13:07:12.139061+00"
76,19,"Green Chilli","V2","Green Chilli_kg_in",1,60.0000,60.0000,"","2026-09-29 13:09:30.566071+00","2026-09-29 13:09:30.566071+00"
82,21,"olive","35A","olive_tin_in",1,840.0000,840.0000,"","2026-09-29 13:46:24.005828+00","2026-09-29 13:46:24.005828+00"
83,22,"KIT KAT CHOCOLATE","29B","KIT KAT CHOCOLATE_box_in",2,395.0000,790.0000,"","2026-09-29 14:21:24.096724+00","2026-09-29 14:21:24.096724+00"
84,23,"haldi powder","11","haldi powder_kg_in",3,116.6700,350.0000,"","2026-09-29 14:23:15.489896+00","2026-09-29 14:23:15.489896+00"
85,23,"sugar","6","sugar_kg_in",10,60.0000,600.0000,"","2026-09-29 14:23:15.489896+00","2026-09-29 14:23:15.489896+00"
