"pgNo","itemname","comments"
"45","MILK POWDER","From catalog.js CATALOG_CSV"
"82B","CHOCO CHIPS","From catalog.js CATALOG_CSV"
"42B","thai chilly sauce","From catalog.js CATALOG_CSV"
"21A","GHEE","From catalog.js CATALOG_CSV"
"17A","chana dal","From catalog.js CATALOG_CSV"
"50","MYONESE","From catalog.js CATALOG_CSV"
"61","chillly flakes","From catalog.js CATALOG_CSV"
"other1","other1","From catalog.js CATALOG_CSV"
"65","NACHOS","From catalog.js CATALOG_CSV"
"10","chilly powder","From catalog.js CATALOG_CSV"
"61","chilli flake","From catalog.js CATALOG_CSV"
"30A","KAJU TUKDA","From catalog.js CATALOG_CSV"
"20","MAGAJ","From catalog.js CATALOG_CSV"
"59A","IRISH SYRUP","From catalog.js CATALOG_CSV"
"99","ice cream","From catalog.js CATALOG_CSV"
"112A","KALAUNJI","From catalog.js CATALOG_CSV"
"18A","UDAD SAL","From catalog.js CATALOG_CSV"
"30B","KAJUN KANKI","From catalog.js CATALOG_CSV"
"46A","MASALA TEA","From catalog.js CATALOG_CSV"
"100","ICE CREAM CHOCOLATE","From catalog.js CATALOG_CSV"
"112B","AJWAIN","From catalog.js CATALOG_CSV"
"62","cregano","From catalog.js CATALOG_CSV"
"other3","other3","From catalog.js CATALOG_CSV"
"19B","SOYABEAN WADI","From catalog.js CATALOG_CSV"
"4","staff rice","From catalog.js CATALOG_CSV"
"55","CHOCOLATE SYRUP","From catalog.js CATALOG_CSV"
"31A","STARFOOL","From catalog.js CATALOG_CSV"
"59B","HAZELNUT SYRUP","From catalog.js CATALOG_CSV"
"74","mozrella","From catalog.js CATALOG_CSV"
"other2","other2","From catalog.js CATALOG_CSV"
"61 62","chilly+oregano","From catalog.js CATALOG_CSV"
"22B","KISMIS","From catalog.js CATALOG_CSV"
"23B","HING","From catalog.js CATALOG_CSV"
"75","RICH COOKING CREAM","From catalog.js CATALOG_CSV"
"50","myonese","From catalog.js CATALOG_CSV"
"58B","BLUBERRY CRUSH","From catalog.js CATALOG_CSV"
"14","garam masala","From catalog.js CATALOG_CSV"
"16 A","jeera masala","From catalog.js CATALOG_CSV"
"81","cheese processed","From catalog.js CATALOG_CSV"
"29B","KIT KAT CHOCOLATE","From catalog.js CATALOG_CSV"
"57B","blue coroco","From catalog.js CATALOG_CSV"
"18B","RAJMA","From catalog.js CATALOG_CSV"
"46B","LEMON ICE TEA","From catalog.js CATALOG_CSV"
"79","matar","From catalog.js CATALOG_CSV"
"21B","chat masala","From catalog.js CATALOG_CSV"
"7","oil tin","From catalog.js CATALOG_CSV"
"32A","DALCHINI","From catalog.js CATALOG_CSV"
"51B","TOM MAKHAN SAUCE","From catalog.js CATALOG_CSV"
"76","AMUL CREAM","From catalog.js CATALOG_CSV"
"15","jeera","From catalog.js CATALOG_CSV"
"73","butter","From catalog.js CATALOG_CSV"
"71B","TOMATO KETCHUP","From catalog.js CATALOG_CSV"
"25A","ROSE WATER","From catalog.js CATALOG_CSV"
"43B","GREEN CHILLY SAUCE","From catalog.js CATALOG_CSV"
"28A","GULAB JAMUN","From catalog.js CATALOG_CSV"
"27B","KALA NAMAK","From catalog.js CATALOG_CSV"
"53","CHEESE BLEND","From catalog.js CATALOG_CSV"
"6B","tea powder","From catalog.js CATALOG_CSV"
"64","perperi masala","From catalog.js CATALOG_CSV"
"70B","OREGANO SACHET","From catalog.js CATALOG_CSV"
"37","tomato","From catalog.js CATALOG_CSV"
"101","MANGO ICE CREAM","From catalog.js CATALOG_CSV"
"31B","LOUNG","From catalog.js CATALOG_CSV"
"39B","black pepper","From catalog.js CATALOG_CSV"
"58A","STRAWBERRY CRUSH","From catalog.js CATALOG_CSV"
"25B","KEVDA JAL","From catalog.js CATALOG_CSV"
"9","dhaniya","From catalog.js CATALOG_CSV"
"69A","SUGAR SACHET","From catalog.js CATALOG_CSV"
"68","MANGO PULP","From catalog.js CATALOG_CSV"
"19A","MASUR DAL","From catalog.js CATALOG_CSV"
"11","haldi powder","From catalog.js CATALOG_CSV"
"21B","chaat masala","From catalog.js CATALOG_CSV"
"42B","thai chilly","From catalog.js CATALOG_CSV"
"71A","MEYONESE SACHET","From catalog.js CATALOG_CSV"
"1","aata","From catalog.js CATALOG_CSV"
"44","VINAGER","From catalog.js CATALOG_CSV"
"28B","boondi","From catalog.js CATALOG_CSV"
"34A","PAPAD","From catalog.js CATALOG_CSV"
"17B","BLACK MUNG DAL","From catalog.js CATALOG_CSV"
"70A","CHILLY FLAKES SACHET","From catalog.js CATALOG_CSV"
"50","meyonese","From catalog.js CATALOG_CSV"
"111A","sev","From catalog.js CATALOG_CSV"
"99","ice cream vanilla","From catalog.js CATALOG_CSV"
"54","thousand sauce","From catalog.js CATALOG_CSV"
"24","mushroom","From catalog.js CATALOG_CSV"
"2","maida","From catalog.js CATALOG_CSV"
"27A","salt","From catalog.js CATALOG_CSV"
"12","degi miorch","From catalog.js CATALOG_CSV"
"97","soda","From catalog.js CATALOG_CSV"
"62","oregano","From catalog.js CATALOG_CSV"
"37","tomato ketchup","From catalog.js CATALOG_CSV"
"48","pasta sauce","From catalog.js CATALOG_CSV"
"50","meyonse","From catalog.js CATALOG_CSV"
"48","pizza sauce","From catalog.js CATALOG_CSV"
"63","pasta","From catalog.js CATALOG_CSV"
"50","meyo nese","From catalog.js CATALOG_CSV"
"21B","chat amsala","From catalog.js CATALOG_CSV"
"80","corn","From catalog.js CATALOG_CSV"
"44","vinegar","From catalog.js CATALOG_CSV"
"82A","cheese 1pc","From catalog.js CATALOG_CSV"
"50","meyonesse","From catalog.js CATALOG_CSV"
"42","green sauce","From catalog.js CATALOG_CSV"
"60A","red peperica","From catalog.js CATALOG_CSV"
"67","maggi","From catalog.js CATALOG_CSV"
"36A","corn floor","From catalog.js CATALOG_CSV"
"5","tur dal","From catalog.js CATALOG_CSV"
"51A","makhani sauce","From catalog.js CATALOG_CSV"
"72","amul butter","From catalog.js CATALOG_CSV"
"9","dhaniiya masala","From catalog.js CATALOG_CSV"
"81","process cheesse","From catalog.js CATALOG_CSV"
"3","rice","From catalog.js CATALOG_CSV"
"8","kasturi methi","From catalog.js CATALOG_CSV"
"16B","chhola","From catalog.js CATALOG_CSV"
"23A","sarso tel","From catalog.js CATALOG_CSV"
"78","fries","From catalog.js CATALOG_CSV"
"110","lal mirch","From catalog.js CATALOG_CSV"
"49","periperi sauce","From catalog.js CATALOG_CSV"
"75","cream 30","From catalog.js CATALOG_CSV"
"81","proccess chese","From catalog.js CATALOG_CSV"
"75","cream","From catalog.js CATALOG_CSV"
"12","degi mirch","From catalog.js CATALOG_CSV"
"41","schezwan","From catalog.js CATALOG_CSV"
"1","aaata","From catalog.js CATALOG_CSV"
"66","maggi masala","From catalog.js CATALOG_CSV"
"37","tomato suce","From catalog.js CATALOG_CSV"
"41","schezwan sauce","From catalog.js CATALOG_CSV"
"79","green peas","From catalog.js CATALOG_CSV"
"38","noodles","From catalog.js CATALOG_CSV"
"13","masala","From catalog.js CATALOG_CSV"
"56","imli chutney","From catalog.js CATALOG_CSV"
"64","peri peri masala","From catalog.js CATALOG_CSV"
"64","periperi msala","From catalog.js CATALOG_CSV"
"5","dal","From catalog.js CATALOG_CSV"
"39A","white pepper","From catalog.js CATALOG_CSV"
"56","imli chatni","From catalog.js CATALOG_CSV"
"29A","bread crums","From catalog.js CATALOG_CSV"
"22A","kaju","From catalog.js CATALOG_CSV"
"40","ajinomoto","From catalog.js CATALOG_CSV"
"77A","aloo tikki","From catalog.js CATALOG_CSV"
"61 62","origano+chilly flakes","From catalog.js CATALOG_CSV"
"12","degi ,mirch","From catalog.js CATALOG_CSV"
"81","process cheese","From catalog.js CATALOG_CSV"
"74","mozerella","From catalog.js CATALOG_CSV"
"98","soft drink","From catalog.js CATALOG_CSV"
"98","coke","From catalog.js CATALOG_CSV"
"61 62","chilli oregano","From catalog.js CATALOG_CSV"
"36A","corn flor","From catalog.js CATALOG_CSV"
"50","metonese","From catalog.js CATALOG_CSV"
"60B","jalapeno","From catalog.js CATALOG_CSV"
"37","tomato kechup","From catalog.js CATALOG_CSV"
"81","processed cheese","From catalog.js CATALOG_CSV"
"37","tomato sauce","From catalog.js CATALOG_CSV"
"13","kitchen king","From catalog.js CATALOG_CSV"
"52","tika sauce","From catalog.js CATALOG_CSV"
"50","meyo","From catalog.js CATALOG_CSV"
"77B","masla fries","From catalog.js CATALOG_CSV"
"15","jeeera","From catalog.js CATALOG_CSV"
"43A","soya sauce","From catalog.js CATALOG_CSV"
"35A","olive","From catalog.js CATALOG_CSV"
"6","sugar","From catalog.js CATALOG_CSV"
"61  62","chilly flakes+oregano","From catalog.js CATALOG_CSV"
"61 62","chilly + oregano","From catalog.js CATALOG_CSV"
"60A","red peprica","From catalog.js CATALOG_CSV"
"29A","bread crum","From catalog.js CATALOG_CSV"
"57A","lemon mojito","From catalog.js CATALOG_CSV"
"49","peri peri sauce","From catalog.js CATALOG_CSV"
"48","pasta pizza sauce","From catalog.js CATALOG_CSV"
"48","pizza pasta sauce","From catalog.js CATALOG_CSV"
"60B","jelipino","From catalog.js CATALOG_CSV"
"V10","Garlic",""
"V12","Cucumber",""
"V2","Green Chilli",""
"V17","Mint Leaves",""
"V15","Broccoli",""
"V18","Tomato",""
"V20","SPINACH",""
"V4","Carrot",""
"V1","Capsicum",""
"V7","Cabbage",""
"V11","Onion",""
"V14","Red Bell Pepper",""
"V5","Beans",""
"V9","Coriander",""
"V6","Cauliflower",""
"V22","potato",""
"V13","Lemon",""
"V3","Ginger",""
"V21","yellow bell pepper",""
"V16","Basil",""
"V8","Spring Onion",""
"V19","Kadi Patta",""
